relative_path,group,extension,size_bytes,size_kib
dataset/ai-xr-oculus/10019544428070674_privacy_policy.txt,ai-xr-oculus,.txt,29054,28.373
dataset/ai-xr-oculus/1642239225880682_privacy_policy.txt,ai-xr-oculus,.txt,30052,29.348
dataset/ai-xr-oculus/1654565391314903_privacy_policy.txt,ai-xr-oculus,.txt,28490,27.822
dataset/ai-xr-oculus/1758986534231171_privacy_policy.txt,ai-xr-oculus,.txt,18348,17.918
dataset/ai-xr-oculus/1780841635357133_privacy_policy.txt,ai-xr-oculus,.txt,48050,46.924
dataset/ai-xr-oculus/1786118502150914_privacy_policy.txt,ai-xr-oculus,.txt,8345,8.149
dataset/ai-xr-oculus/1794123900713107_privacy_policy.txt,ai-xr-oculus,.txt,48364,47.230
dataset/ai-xr-oculus/1856672347794301_privacy_policy.txt,ai-xr-oculus,.txt,30785,30.063
dataset/ai-xr-oculus/1863547050392688_privacy_policy.txt,ai-xr-oculus,.txt,48327,47.194
dataset/ai-xr-oculus/1916519981771802_privacy_policy.txt,ai-xr-oculus,.txt,48327,47.194
dataset/ai-xr-oculus/1921533091289407_privacy_policy.txt,ai-xr-oculus,.txt,48050,46.924
dataset/ai-xr-oculus/1931356740318898_privacy_policy.txt,ai-xr-oculus,.txt,48327,47.194
dataset/ai-xr-oculus/1946326588770583_privacy_policy.txt,ai-xr-oculus,.txt,22668,22.137
dataset/ai-xr-oculus/1976071352472244_privacy_policy.txt,ai-xr-oculus,.txt,16952,16.555
dataset/ai-xr-oculus/1978992975501648_privacy_policy.txt,ai-xr-oculus,.txt,21879,21.366
dataset/ai-xr-oculus/1987283631365460_privacy_policy.txt,ai-xr-oculus,.txt,33251,32.472
dataset/ai-xr-oculus/1995434190525828_privacy_policy.txt,ai-xr-oculus,.txt,25425,24.829
dataset/ai-xr-oculus/2002317119880945_privacy_policy.txt,ai-xr-oculus,.txt,53786,52.525
dataset/ai-xr-oculus/2004328649624954_privacy_policy.txt,ai-xr-oculus,.txt,4652,4.543
dataset/ai-xr-oculus/2010043642376517_privacy_policy.txt,ai-xr-oculus,.txt,2726,2.662
dataset/ai-xr-oculus/2022341094553436_privacy_policy.txt,ai-xr-oculus,.txt,37724,36.840
dataset/ai-xr-oculus/2031826350263349_privacy_policy.txt,ai-xr-oculus,.txt,22489,21.962
dataset/ai-xr-oculus/2046607608728563_privacy_policy.txt,ai-xr-oculus,.txt,27612,26.965
dataset/ai-xr-oculus/2055718171162796_privacy_policy.txt,ai-xr-oculus,.txt,22181,21.661
dataset/ai-xr-oculus/2063931653705427_privacy_policy.txt,ai-xr-oculus,.txt,7847,7.663
dataset/ai-xr-oculus/2078236868960051_privacy_policy.txt,ai-xr-oculus,.txt,9008,8.797
dataset/ai-xr-oculus/2088119334554800_privacy_policy.txt,ai-xr-oculus,.txt,18863,18.421
dataset/ai-xr-oculus/2094303753986147_privacy_policy.txt,ai-xr-oculus,.txt,13169,12.860
dataset/ai-xr-oculus/2096339947076151_privacy_policy.txt,ai-xr-oculus,.txt,25772,25.168
dataset/ai-xr-oculus/2104963472963790_privacy_policy.txt,ai-xr-oculus,.txt,21397,20.896
dataset/ai-xr-oculus/2108775495884888_privacy_policy.txt,ai-xr-oculus,.txt,2943,2.874
dataset/ai-xr-oculus/2111191602278229_privacy_policy.txt,ai-xr-oculus,.txt,20245,19.771
dataset/ai-xr-oculus/2173576192720129_privacy_policy.txt,ai-xr-oculus,.txt,36203,35.354
dataset/ai-xr-oculus/2173678582678296_privacy_policy.txt,ai-xr-oculus,.txt,35928,35.086
dataset/ai-xr-oculus/2202354219893697_privacy_policy.txt,ai-xr-oculus,.txt,21798,21.287
dataset/ai-xr-oculus/2221553561229188_privacy_policy.txt,ai-xr-oculus,.txt,20661,20.177
dataset/ai-xr-oculus/2223615721048141_privacy_policy.txt,ai-xr-oculus,.txt,9623,9.397
dataset/ai-xr-oculus/2228678273856228_privacy_policy.txt,ai-xr-oculus,.txt,39313,38.392
dataset/ai-xr-oculus/2260701747375712_privacy_policy.txt,ai-xr-oculus,.txt,6437,6.286
dataset/ai-xr-oculus/2264524423619421_privacy_policy.txt,ai-xr-oculus,.txt,5319,5.194
dataset/ai-xr-oculus/2274617532624269_privacy_policy.txt,ai-xr-oculus,.txt,27991,27.335
dataset/ai-xr-oculus/2280285932034855_privacy_policy.txt,ai-xr-oculus,.txt,5362,5.236
dataset/ai-xr-oculus/2280319701979278_privacy_policy.txt,ai-xr-oculus,.txt,22169,21.649
dataset/ai-xr-oculus/2285803881494677_privacy_policy.txt,ai-xr-oculus,.txt,11063,10.804
dataset/ai-xr-oculus/2302118823192509_privacy_policy.txt,ai-xr-oculus,.txt,12516,12.223
dataset/ai-xr-oculus/2302319493201737_privacy_policy.txt,ai-xr-oculus,.txt,7812,7.629
dataset/ai-xr-oculus/2325731427501921_privacy_policy.txt,ai-xr-oculus,.txt,9215,8.999
dataset/ai-xr-oculus/2327205800645550_privacy_policy.txt,ai-xr-oculus,.txt,23745,23.188
dataset/ai-xr-oculus/2345082335516570_privacy_policy.txt,ai-xr-oculus,.txt,30567,29.851
dataset/ai-xr-oculus/2352932654734987_privacy_policy.txt,ai-xr-oculus,.txt,33763,32.972
dataset/ai-xr-oculus/2366245336750543_privacy_policy.txt,ai-xr-oculus,.txt,37724,36.840
dataset/ai-xr-oculus/2370815932930055_privacy_policy.txt,ai-xr-oculus,.txt,48308,47.176
dataset/ai-xr-oculus/2382576078453818_privacy_policy.txt,ai-xr-oculus,.txt,9534,9.311
dataset/ai-xr-oculus/2393300320759737_privacy_policy.txt,ai-xr-oculus,.txt,53786,52.525
dataset/ai-xr-oculus/2398880980156491_privacy_policy.txt,ai-xr-oculus,.txt,10091,9.854
dataset/ai-xr-oculus/24038848309063606_privacy_policy.txt,ai-xr-oculus,.txt,320285,312.778
dataset/ai-xr-oculus/2404437756348346_privacy_policy.txt,ai-xr-oculus,.txt,48364,47.230
dataset/ai-xr-oculus/2406880882663555_privacy_policy.txt,ai-xr-oculus,.txt,6575,6.421
dataset/ai-xr-oculus/24071664309084077_privacy_policy.txt,ai-xr-oculus,.txt,3016,2.945
dataset/ai-xr-oculus/2412327085529357_privacy_policy.txt,ai-xr-oculus,.txt,8345,8.149
dataset/ai-xr-oculus/2426206484098337_privacy_policy.txt,ai-xr-oculus,.txt,9623,9.397
dataset/ai-xr-oculus/24302506529397673_privacy_policy.txt,ai-xr-oculus,.txt,25914,25.307
dataset/ai-xr-oculus/2436558143118760_privacy_policy.txt,ai-xr-oculus,.txt,10415,10.171
dataset/ai-xr-oculus/24397129266601725_privacy_policy.txt,ai-xr-oculus,.txt,8497,8.298
dataset/ai-xr-oculus/2441213515992073_privacy_policy.txt,ai-xr-oculus,.txt,27612,26.965
dataset/ai-xr-oculus/2443267419018232_privacy_policy.txt,ai-xr-oculus,.txt,5051,4.933
dataset/ai-xr-oculus/2446085128829455_privacy_policy.txt,ai-xr-oculus,.txt,13186,12.877
dataset/ai-xr-oculus/2446271755437605_privacy_policy.txt,ai-xr-oculus,.txt,13161,12.853
dataset/ai-xr-oculus/2448060205267927_privacy_policy.txt,ai-xr-oculus,.txt,18348,17.918
dataset/ai-xr-oculus/24496870869957102_privacy_policy.txt,ai-xr-oculus,.txt,46689,45.595
dataset/ai-xr-oculus/2462678267173943_privacy_policy.txt,ai-xr-oculus,.txt,46753,45.657
dataset/ai-xr-oculus/24708707708727852_privacy_policy.txt,ai-xr-oculus,.txt,34071,33.272
dataset/ai-xr-oculus/24882487241367228_privacy_policy.txt,ai-xr-oculus,.txt,37724,36.840
dataset/ai-xr-oculus/2497738113633933_privacy_policy.txt,ai-xr-oculus,.txt,19745,19.282
dataset/ai-xr-oculus/25004134432533924_privacy_policy.txt,ai-xr-oculus,.txt,9772,9.543
dataset/ai-xr-oculus/2507216576060698_privacy_policy.txt,ai-xr-oculus,.txt,17344,16.938
dataset/ai-xr-oculus/2515021945210953_privacy_policy.txt,ai-xr-oculus,.txt,48364,47.230
dataset/ai-xr-oculus/25176949381952074_privacy_policy.txt,ai-xr-oculus,.txt,9882,9.650
dataset/ai-xr-oculus/2544573735586536_privacy_policy.txt,ai-xr-oculus,.txt,28527,27.858
dataset/ai-xr-oculus/2564158073609422_privacy_policy.txt,ai-xr-oculus,.txt,48364,47.230
dataset/ai-xr-oculus/2567395559960697_privacy_policy.txt,ai-xr-oculus,.txt,11450,11.182
dataset/ai-xr-oculus/2567459230020142_privacy_policy.txt,ai-xr-oculus,.txt,32415,31.655
dataset/ai-xr-oculus/2582932495064035_privacy_policy.txt,ai-xr-oculus,.txt,42376,41.383
dataset/ai-xr-oculus/25867502682848132_privacy_policy.txt,ai-xr-oculus,.txt,19213,18.763
dataset/ai-xr-oculus/2586839431358655_privacy_policy.txt,ai-xr-oculus,.txt,33875,33.081
dataset/ai-xr-oculus/26019802470968635_privacy_policy.txt,ai-xr-oculus,.txt,17174,16.771
dataset/ai-xr-oculus/2603836099654226_privacy_policy.txt,ai-xr-oculus,.txt,48364,47.230
dataset/ai-xr-oculus/26125522680424396_privacy_policy.txt,ai-xr-oculus,.txt,12121,11.837
dataset/ai-xr-oculus/2617233878395214_privacy_policy.txt,ai-xr-oculus,.txt,12879,12.577
dataset/ai-xr-oculus/26219278647717294_privacy_policy.txt,ai-xr-oculus,.txt,2428,2.371
dataset/ai-xr-oculus/26261730413412240_privacy_policy.txt,ai-xr-oculus,.txt,5039,4.921
dataset/ai-xr-oculus/2637179839719680_privacy_policy.txt,ai-xr-oculus,.txt,48327,47.194
dataset/ai-xr-oculus/2658975244130479_privacy_policy.txt,ai-xr-oculus,.txt,30353,29.642
dataset/ai-xr-oculus/2677344882310094_privacy_policy.txt,ai-xr-oculus,.txt,48364,47.230
dataset/ai-xr-oculus/2685959161497510_privacy_policy.txt,ai-xr-oculus,.txt,32136,31.383
dataset/ai-xr-oculus/2689252421131120_privacy_policy.txt,ai-xr-oculus,.txt,43820,42.793
dataset/ai-xr-oculus/2708465082504733_privacy_policy.txt,ai-xr-oculus,.txt,18863,18.421
dataset/ai-xr-oculus/2736813653063231_privacy_policy.txt,ai-xr-oculus,.txt,16718,16.326
dataset/ai-xr-oculus/2792447070854325_privacy_policy.txt,ai-xr-oculus,.txt,12559,12.265
dataset/ai-xr-oculus/2812851825399383_privacy_policy.txt,ai-xr-oculus,.txt,6491,6.339
dataset/ai-xr-oculus/2833307773392914_privacy_policy.txt,ai-xr-oculus,.txt,19213,18.763
dataset/ai-xr-oculus/2849273531812512_privacy_policy.txt,ai-xr-oculus,.txt,9012,8.801
dataset/ai-xr-oculus/2853664488067174_privacy_policy.txt,ai-xr-oculus,.txt,30165,29.458
dataset/ai-xr-oculus/2873640696088444_privacy_policy.txt,ai-xr-oculus,.txt,68590,66.982
dataset/ai-xr-oculus/2886115781495034_privacy_policy.txt,ai-xr-oculus,.txt,32139,31.386
dataset/ai-xr-oculus/2897337400373711_privacy_policy.txt,ai-xr-oculus,.txt,3220,3.145
dataset/ai-xr-oculus/2913958855307200_privacy_policy.txt,ai-xr-oculus,.txt,26336,25.719
dataset/ai-xr-oculus/2917608654922903_privacy_policy.txt,ai-xr-oculus,.txt,5848,5.711
dataset/ai-xr-oculus/2933720383334150_privacy_policy.txt,ai-xr-oculus,.txt,22667,22.136
dataset/ai-xr-oculus/2942600475808591_privacy_policy.txt,ai-xr-oculus,.txt,9623,9.397
dataset/ai-xr-oculus/2970998659623177_privacy_policy.txt,ai-xr-oculus,.txt,33251,32.472
dataset/ai-xr-oculus/2985592331490872_privacy_policy.txt,ai-xr-oculus,.txt,27118,26.482
dataset/ai-xr-oculus/3006696236087408_privacy_policy.txt,ai-xr-oculus,.txt,19213,18.763
dataset/ai-xr-oculus/3044656825604617_privacy_policy.txt,ai-xr-oculus,.txt,27299,26.659
dataset/ai-xr-oculus/3064046640291676_privacy_policy.txt,ai-xr-oculus,.txt,34103,33.304
dataset/ai-xr-oculus/3073319699437112_privacy_policy.txt,ai-xr-oculus,.txt,16458,16.072
dataset/ai-xr-oculus/3158342884265828_privacy_policy.txt,ai-xr-oculus,.txt,24064,23.500
dataset/ai-xr-oculus/3172399986210688_privacy_policy.txt,ai-xr-oculus,.txt,30606,29.889
dataset/ai-xr-oculus/3180994211970184_privacy_policy.txt,ai-xr-oculus,.txt,82440,80.508
dataset/ai-xr-oculus/3235570703151406_privacy_policy.txt,ai-xr-oculus,.txt,53786,52.525
dataset/ai-xr-oculus/3285668754893704_privacy_policy.txt,ai-xr-oculus,.txt,27189,26.552
dataset/ai-xr-oculus/3323166227771391_privacy_policy.txt,ai-xr-oculus,.txt,30358,29.646
dataset/ai-xr-oculus/3349689215139117_privacy_policy.txt,ai-xr-oculus,.txt,18909,18.466
dataset/ai-xr-oculus/3354247921293382_privacy_policy.txt,ai-xr-oculus,.txt,5983,5.843
dataset/ai-xr-oculus/3386618894743567_privacy_policy.txt,ai-xr-oculus,.txt,32947,32.175
dataset/ai-xr-oculus/3392175350802835_privacy_policy.txt,ai-xr-oculus,.txt,7439,7.265
dataset/ai-xr-oculus/3395626290543887_privacy_policy.txt,ai-xr-oculus,.txt,9772,9.543
dataset/ai-xr-oculus/3432432656819712_privacy_policy.txt,ai-xr-oculus,.txt,5898,5.760
dataset/ai-xr-oculus/3454538864674405_privacy_policy.txt,ai-xr-oculus,.txt,27210,26.572
dataset/ai-xr-oculus/3457685900909916_privacy_policy.txt,ai-xr-oculus,.txt,32339,31.581
dataset/ai-xr-oculus/3484270071659289_privacy_policy.txt,ai-xr-oculus,.txt,9623,9.397
dataset/ai-xr-oculus/3508802139177629_privacy_policy.txt,ai-xr-oculus,.txt,24445,23.872
dataset/ai-xr-oculus/3551691271620960_privacy_policy.txt,ai-xr-oculus,.txt,48364,47.230
dataset/ai-xr-oculus/3566126356743668_privacy_policy.txt,ai-xr-oculus,.txt,27189,26.552
dataset/ai-xr-oculus/3594982710558708_privacy_policy.txt,ai-xr-oculus,.txt,11322,11.057
dataset/ai-xr-oculus/3622969487764448_privacy_policy.txt,ai-xr-oculus,.txt,10922,10.666
dataset/ai-xr-oculus/3630025217090808_privacy_policy.txt,ai-xr-oculus,.txt,3464,3.383
dataset/ai-xr-oculus/3634830803298285_privacy_policy.txt,ai-xr-oculus,.txt,30567,29.851
dataset/ai-xr-oculus/3635172946605196_privacy_policy.txt,ai-xr-oculus,.txt,13064,12.758
dataset/ai-xr-oculus/3637780062900902_privacy_policy.txt,ai-xr-oculus,.txt,27340,26.699
dataset/ai-xr-oculus/3645916778776799_privacy_policy.txt,ai-xr-oculus,.txt,12521,12.228
dataset/ai-xr-oculus/3647259232032222_privacy_policy.txt,ai-xr-oculus,.txt,52422,51.193
dataset/ai-xr-oculus/3652037328256745_privacy_policy.txt,ai-xr-oculus,.txt,50847,49.655
dataset/ai-xr-oculus/3661420607275144_privacy_policy.txt,ai-xr-oculus,.txt,29205,28.521
dataset/ai-xr-oculus/3662196457238336_privacy_policy.txt,ai-xr-oculus,.txt,38499,37.597
dataset/ai-xr-oculus/3675568169182204_privacy_policy.txt,ai-xr-oculus,.txt,48364,47.230
dataset/ai-xr-oculus/3683568971682157_privacy_policy.txt,ai-xr-oculus,.txt,11063,10.804
dataset/ai-xr-oculus/3687705861311054_privacy_policy.txt,ai-xr-oculus,.txt,4609,4.501
dataset/ai-xr-oculus/3714602415301811_privacy_policy.txt,ai-xr-oculus,.txt,19721,19.259
dataset/ai-xr-oculus/3727135290647922_privacy_policy.txt,ai-xr-oculus,.txt,30358,29.646
dataset/ai-xr-oculus/3732099523498937_privacy_policy.txt,ai-xr-oculus,.txt,55271,53.976
dataset/ai-xr-oculus/3749621795127676_privacy_policy.txt,ai-xr-oculus,.txt,7567,7.390
dataset/ai-xr-oculus/3758954627491820_privacy_policy.txt,ai-xr-oculus,.txt,5881,5.743
dataset/ai-xr-oculus/3789736921099233_privacy_policy.txt,ai-xr-oculus,.txt,6675,6.519
dataset/ai-xr-oculus/3793077684043441_privacy_policy.txt,ai-xr-oculus,.txt,13159,12.851
dataset/ai-xr-oculus/3844657785549661_privacy_policy.txt,ai-xr-oculus,.txt,34737,33.923
dataset/ai-xr-oculus/3846153838783795_privacy_policy.txt,ai-xr-oculus,.txt,3201,3.126
dataset/ai-xr-oculus/3857024597703276_privacy_policy.txt,ai-xr-oculus,.txt,5932,5.793
dataset/ai-xr-oculus/3895528293794893_privacy_policy.txt,ai-xr-oculus,.txt,32984,32.211
dataset/ai-xr-oculus/3899112273551602_privacy_policy.txt,ai-xr-oculus,.txt,22515,21.987
dataset/ai-xr-oculus/3919415921458774_privacy_policy.txt,ai-xr-oculus,.txt,2485,2.427
dataset/ai-xr-oculus/3922378427824210_privacy_policy.txt,ai-xr-oculus,.txt,11125,10.864
dataset/ai-xr-oculus/3927222113966481_privacy_policy.txt,ai-xr-oculus,.txt,3914,3.822
dataset/ai-xr-oculus/3967680489996895_privacy_policy.txt,ai-xr-oculus,.txt,18909,18.466
dataset/ai-xr-oculus/3973230756042512_privacy_policy.txt,ai-xr-oculus,.txt,9166,8.951
dataset/ai-xr-oculus/3974885535895823_privacy_policy.txt,ai-xr-oculus,.txt,48327,47.194
dataset/ai-xr-oculus/3982869578392875_privacy_policy.txt,ai-xr-oculus,.txt,3610,3.525
dataset/ai-xr-oculus/3984056454948095_privacy_policy.txt,ai-xr-oculus,.txt,11125,10.864
dataset/ai-xr-oculus/3984654618326751_privacy_policy.txt,ai-xr-oculus,.txt,11867,11.589
dataset/ai-xr-oculus/4015163475201433_privacy_policy.txt,ai-xr-oculus,.txt,21223,20.726
dataset/ai-xr-oculus/4017841368311255_privacy_policy.txt,ai-xr-oculus,.txt,11138,10.877
dataset/ai-xr-oculus/402576922409049_privacy_policy.txt,ai-xr-oculus,.txt,42344,41.352
dataset/ai-xr-oculus/4048766301899067_privacy_policy.txt,ai-xr-oculus,.txt,18696,18.258
dataset/ai-xr-oculus/4092537967425323_privacy_policy.txt,ai-xr-oculus,.txt,26142,25.529
dataset/ai-xr-oculus/4104088956355944_privacy_policy.txt,ai-xr-oculus,.txt,21515,21.011
dataset/ai-xr-oculus/4128092900574651_privacy_policy.txt,ai-xr-oculus,.txt,11083,10.823
dataset/ai-xr-oculus/4143574335654608_privacy_policy.txt,ai-xr-oculus,.txt,12926,12.623
dataset/ai-xr-oculus/4188843481174389_privacy_policy.txt,ai-xr-oculus,.txt,32789,32.021
dataset/ai-xr-oculus/4189524851131699_privacy_policy.txt,ai-xr-oculus,.txt,30567,29.851
dataset/ai-xr-oculus/4193975210678121_privacy_policy.txt,ai-xr-oculus,.txt,17120,16.719
dataset/ai-xr-oculus/4209841532432878_privacy_policy.txt,ai-xr-oculus,.txt,1980,1.934
dataset/ai-xr-oculus/4212005182188732_privacy_policy.txt,ai-xr-oculus,.txt,3171,3.097
dataset/ai-xr-oculus/4214902388537196_privacy_policy.txt,ai-xr-oculus,.txt,17750,17.334
dataset/ai-xr-oculus/4215734068529064_privacy_policy.txt,ai-xr-oculus,.txt,9559,9.335
dataset/ai-xr-oculus/4245506092131005_privacy_policy.txt,ai-xr-oculus,.txt,4699,4.589
dataset/ai-xr-oculus/4262610477159316_privacy_policy.txt,ai-xr-oculus,.txt,18876,18.434
dataset/ai-xr-oculus/4272785082787822_privacy_policy.txt,ai-xr-oculus,.txt,9882,9.650
dataset/ai-xr-oculus/4277263562355260_privacy_policy.txt,ai-xr-oculus,.txt,5659,5.526
dataset/ai-xr-oculus/4281519998581593_privacy_policy.txt,ai-xr-oculus,.txt,1729,1.688
dataset/ai-xr-oculus/4310142359062337_privacy_policy.txt,ai-xr-oculus,.txt,17583,17.171
dataset/ai-xr-oculus/4331225313661764_privacy_policy.txt,ai-xr-oculus,.txt,21180,20.684
dataset/ai-xr-oculus/4341884889233002_privacy_policy.txt,ai-xr-oculus,.txt,1955,1.909
dataset/ai-xr-oculus/4360608937312293_privacy_policy.txt,ai-xr-oculus,.txt,4630,4.521
dataset/ai-xr-oculus/4382981625162620_privacy_policy.txt,ai-xr-oculus,.txt,40256,39.312
dataset/ai-xr-oculus/4395292760584049_privacy_policy.txt,ai-xr-oculus,.txt,28490,27.822
dataset/ai-xr-oculus/4457738027605720_privacy_policy.txt,ai-xr-oculus,.txt,11970,11.689
dataset/ai-xr-oculus/4480359028714301_privacy_policy.txt,ai-xr-oculus,.txt,11299,11.034
dataset/ai-xr-oculus/4518172508241377_privacy_policy.txt,ai-xr-oculus,.txt,34103,33.304
dataset/ai-xr-oculus/4548214431946302_privacy_policy.txt,ai-xr-oculus,.txt,44573,43.528
dataset/ai-xr-oculus/4554248281328321_privacy_policy.txt,ai-xr-oculus,.txt,53786,52.525
dataset/ai-xr-oculus/4586808061416562_privacy_policy.txt,ai-xr-oculus,.txt,16783,16.390
dataset/ai-xr-oculus/4623797574366694_privacy_policy.txt,ai-xr-oculus,.txt,13004,12.699
dataset/ai-xr-oculus/4625005897550253_privacy_policy.txt,ai-xr-oculus,.txt,7439,7.265
dataset/ai-xr-oculus/4636949963023496_privacy_policy.txt,ai-xr-oculus,.txt,8116,7.926
dataset/ai-xr-oculus/4654132264691719_privacy_policy.txt,ai-xr-oculus,.txt,31747,31.003
dataset/ai-xr-oculus/4676322075753574_privacy_policy.txt,ai-xr-oculus,.txt,33251,32.472
dataset/ai-xr-oculus/468184679387999_privacy_policy.txt,ai-xr-oculus,.txt,18293,17.864
dataset/ai-xr-oculus/4691479430874595_privacy_policy.txt,ai-xr-oculus,.txt,22263,21.741
dataset/ai-xr-oculus/4691626700899382_privacy_policy.txt,ai-xr-oculus,.txt,27189,26.552
dataset/ai-xr-oculus/4705981139481778_privacy_policy.txt,ai-xr-oculus,.txt,15485,15.122
dataset/ai-xr-oculus/4714471148644140_privacy_policy.txt,ai-xr-oculus,.txt,6976,6.812
dataset/ai-xr-oculus/4723352327707414_privacy_policy.txt,ai-xr-oculus,.txt,4111,4.015
dataset/ai-xr-oculus/4725588970834544_privacy_policy.txt,ai-xr-oculus,.txt,6205,6.060
dataset/ai-xr-oculus/4746232908818706_privacy_policy.txt,ai-xr-oculus,.txt,41254,40.287
dataset/ai-xr-oculus/4790561384366997_privacy_policy.txt,ai-xr-oculus,.txt,4528,4.422
dataset/ai-xr-oculus/4813149252124417_privacy_policy.txt,ai-xr-oculus,.txt,8140,7.949
dataset/ai-xr-oculus/4822681107767272_privacy_policy.txt,ai-xr-oculus,.txt,6437,6.286
dataset/ai-xr-oculus/4859120967501314_privacy_policy.txt,ai-xr-oculus,.txt,1969,1.923
dataset/ai-xr-oculus/4872542182873415_privacy_policy.txt,ai-xr-oculus,.txt,17563,17.151
dataset/ai-xr-oculus/4912697945406928_privacy_policy.txt,ai-xr-oculus,.txt,14740,14.395
dataset/ai-xr-oculus/4963945450326977_privacy_policy.txt,ai-xr-oculus,.txt,27826,27.174
dataset/ai-xr-oculus/4965663406859424_privacy_policy.txt,ai-xr-oculus,.txt,13413,13.099
dataset/ai-xr-oculus/4979055762136823_privacy_policy.txt,ai-xr-oculus,.txt,42344,41.352
dataset/ai-xr-oculus/5005632286166834_privacy_policy.txt,ai-xr-oculus,.txt,19668,19.207
dataset/ai-xr-oculus/5014131998634540_privacy_policy.txt,ai-xr-oculus,.txt,11125,10.864
dataset/ai-xr-oculus/5017327094985781_privacy_policy.txt,ai-xr-oculus,.txt,48327,47.194
dataset/ai-xr-oculus/5072443666191114_privacy_policy.txt,ai-xr-oculus,.txt,10875,10.620
dataset/ai-xr-oculus/5075285115918784_privacy_policy.txt,ai-xr-oculus,.txt,9882,9.650
dataset/ai-xr-oculus/5118731164870081_privacy_policy.txt,ai-xr-oculus,.txt,30567,29.851
dataset/ai-xr-oculus/5136958036416423_privacy_policy.txt,ai-xr-oculus,.txt,15485,15.122
dataset/ai-xr-oculus/5138511912885491_privacy_policy.txt,ai-xr-oculus,.txt,8075,7.886
dataset/ai-xr-oculus/5153665764710661_privacy_policy.txt,ai-xr-oculus,.txt,1540,1.504
dataset/ai-xr-oculus/5174697242548672_privacy_policy.txt,ai-xr-oculus,.txt,20079,19.608
dataset/ai-xr-oculus/5190288877703616_privacy_policy.txt,ai-xr-oculus,.txt,3220,3.145
dataset/ai-xr-oculus/5209709029115362_privacy_policy.txt,ai-xr-oculus,.txt,9101,8.888
dataset/ai-xr-oculus/5240965299324322_privacy_policy.txt,ai-xr-oculus,.txt,27761,27.110
dataset/ai-xr-oculus/5247901798645488_privacy_policy.txt,ai-xr-oculus,.txt,18863,18.421
dataset/ai-xr-oculus/5269080709783454_privacy_policy.txt,ai-xr-oculus,.txt,30052,29.348
dataset/ai-xr-oculus/5271074762922599_privacy_policy.txt,ai-xr-oculus,.txt,5807,5.671
dataset/ai-xr-oculus/5307901462582204_privacy_policy.txt,ai-xr-oculus,.txt,23340,22.793
dataset/ai-xr-oculus/5315620021784200_privacy_policy.txt,ai-xr-oculus,.txt,41356,40.387
dataset/ai-xr-oculus/5323138831134900_privacy_policy.txt,ai-xr-oculus,.txt,5264,5.141
dataset/ai-xr-oculus/5334662579895130_privacy_policy.txt,ai-xr-oculus,.txt,8601,8.399
dataset/ai-xr-oculus/5344306855599112_privacy_policy.txt,ai-xr-oculus,.txt,27189,26.552
dataset/ai-xr-oculus/5350505568327607_privacy_policy.txt,ai-xr-oculus,.txt,16239,15.858
dataset/ai-xr-oculus/5352920984748732_privacy_policy.txt,ai-xr-oculus,.txt,9008,8.797
dataset/ai-xr-oculus/5353670608005479_privacy_policy.txt,ai-xr-oculus,.txt,32325,31.567
dataset/ai-xr-oculus/5366874313435765_privacy_policy.txt,ai-xr-oculus,.txt,14205,13.872
dataset/ai-xr-oculus/5379012005560059_privacy_policy.txt,ai-xr-oculus,.txt,45323,44.261
dataset/ai-xr-oculus/5394844040635710_privacy_policy.txt,ai-xr-oculus,.txt,44709,43.661
dataset/ai-xr-oculus/5407386572706843_privacy_policy.txt,ai-xr-oculus,.txt,12824,12.523
dataset/ai-xr-oculus/5437449896288644_privacy_policy.txt,ai-xr-oculus,.txt,22995,22.456
dataset/ai-xr-oculus/5446476285387663_privacy_policy.txt,ai-xr-oculus,.txt,20814,20.326
dataset/ai-xr-oculus/5468438789853737_privacy_policy.txt,ai-xr-oculus,.txt,11470,11.201
dataset/ai-xr-oculus/5479628732140032_privacy_policy.txt,ai-xr-oculus,.txt,4975,4.858
dataset/ai-xr-oculus/5492398897465182_privacy_policy.txt,ai-xr-oculus,.txt,33223,32.444
dataset/ai-xr-oculus/5502306219889537_privacy_policy.txt,ai-xr-oculus,.txt,20495,20.015
dataset/ai-xr-oculus/5511434665565703_privacy_policy.txt,ai-xr-oculus,.txt,7439,7.265
dataset/ai-xr-oculus/5520452821357227_privacy_policy.txt,ai-xr-oculus,.txt,22882,22.346
dataset/ai-xr-oculus/5547974825318365_privacy_policy.txt,ai-xr-oculus,.txt,22804,22.270
dataset/ai-xr-oculus/5566073043488552_privacy_policy.txt,ai-xr-oculus,.txt,56282,54.963
dataset/ai-xr-oculus/5606086899440371_privacy_policy.txt,ai-xr-oculus,.txt,18972,18.527
dataset/ai-xr-oculus/5638124899586470_privacy_policy.txt,ai-xr-oculus,.txt,4663,4.554
dataset/ai-xr-oculus/5655932521164368_privacy_policy.txt,ai-xr-oculus,.txt,2926,2.857
dataset/ai-xr-oculus/5673056542725526_privacy_policy.txt,ai-xr-oculus,.txt,9674,9.447
dataset/ai-xr-oculus/5701882323175143_privacy_policy.txt,ai-xr-oculus,.txt,4399,4.296
dataset/ai-xr-oculus/5719805344724551_privacy_policy.txt,ai-xr-oculus,.txt,12877,12.575
dataset/ai-xr-oculus/5722114367801351_privacy_policy.txt,ai-xr-oculus,.txt,9791,9.562
dataset/ai-xr-oculus/5767635983306831_privacy_policy.txt,ai-xr-oculus,.txt,6935,6.772
dataset/ai-xr-oculus/5802051039897223_privacy_policy.txt,ai-xr-oculus,.txt,2045,1.997
dataset/ai-xr-oculus/5803084329777748_privacy_policy.txt,ai-xr-oculus,.txt,27189,26.552
dataset/ai-xr-oculus/5804418539661677_privacy_policy.txt,ai-xr-oculus,.txt,74619,72.870
dataset/ai-xr-oculus/5812519008825194_privacy_policy.txt,ai-xr-oculus,.txt,17344,16.938
dataset/ai-xr-oculus/5817303821616533_privacy_policy.txt,ai-xr-oculus,.txt,26531,25.909
dataset/ai-xr-oculus/5841245619310585_privacy_policy.txt,ai-xr-oculus,.txt,31302,30.568
dataset/ai-xr-oculus/5855571091168193_privacy_policy.txt,ai-xr-oculus,.txt,27931,27.276
dataset/ai-xr-oculus/5917120145021341_privacy_policy.txt,ai-xr-oculus,.txt,9026,8.814
dataset/ai-xr-oculus/5934280436582748_privacy_policy.txt,ai-xr-oculus,.txt,3822,3.732
dataset/ai-xr-oculus/5936567899722707_privacy_policy.txt,ai-xr-oculus,.txt,5178,5.057
dataset/ai-xr-oculus/5949182915133956_privacy_policy.txt,ai-xr-oculus,.txt,13924,13.598
dataset/ai-xr-oculus/5959677854068956_privacy_policy.txt,ai-xr-oculus,.txt,17540,17.129
dataset/ai-xr-oculus/5968439973240748_privacy_policy.txt,ai-xr-oculus,.txt,14205,13.872
dataset/ai-xr-oculus/6001009833334073_privacy_policy.txt,ai-xr-oculus,.txt,19249,18.798
dataset/ai-xr-oculus/6011996155534803_privacy_policy.txt,ai-xr-oculus,.txt,35100,34.277
dataset/ai-xr-oculus/6033404343430331_privacy_policy.txt,ai-xr-oculus,.txt,27106,26.471
dataset/ai-xr-oculus/6103056399797843_privacy_policy.txt,ai-xr-oculus,.txt,2374,2.318
dataset/ai-xr-oculus/6103719433003732_privacy_policy.txt,ai-xr-oculus,.txt,23571,23.019
dataset/ai-xr-oculus/6118104668305771_privacy_policy.txt,ai-xr-oculus,.txt,1224,1.195
dataset/ai-xr-oculus/6148239151883485_privacy_policy.txt,ai-xr-oculus,.txt,17172,16.770
dataset/ai-xr-oculus/6174391869338477_privacy_policy.txt,ai-xr-oculus,.txt,5039,4.921
dataset/ai-xr-oculus/6179032068838054_privacy_policy.txt,ai-xr-oculus,.txt,15485,15.122
dataset/ai-xr-oculus/6198564290223186_privacy_policy.txt,ai-xr-oculus,.txt,8299,8.104
dataset/ai-xr-oculus/6212696172191478_privacy_policy.txt,ai-xr-oculus,.txt,20627,20.144
dataset/ai-xr-oculus/6240013079344462_privacy_policy.txt,ai-xr-oculus,.txt,8721,8.517
dataset/ai-xr-oculus/6289885221105652_privacy_policy.txt,ai-xr-oculus,.txt,36033,35.188
dataset/ai-xr-oculus/6312736602088905_privacy_policy.txt,ai-xr-oculus,.txt,15189,14.833
dataset/ai-xr-oculus/6341779295861881_privacy_policy.txt,ai-xr-oculus,.txt,16758,16.365
dataset/ai-xr-oculus/6378164228868127_privacy_policy.txt,ai-xr-oculus,.txt,8097,7.907
dataset/ai-xr-oculus/6400132813383050_privacy_policy.txt,ai-xr-oculus,.txt,3907,3.815
dataset/ai-xr-oculus/6419970498017902_privacy_policy.txt,ai-xr-oculus,.txt,8990,8.779
dataset/ai-xr-oculus/6420558991382261_privacy_policy.txt,ai-xr-oculus,.txt,320285,312.778
dataset/ai-xr-oculus/6479984742070808_privacy_policy.txt,ai-xr-oculus,.txt,8907,8.698
dataset/ai-xr-oculus/6494700220578310_privacy_policy.txt,ai-xr-oculus,.txt,13879,13.554
dataset/ai-xr-oculus/6516656635079404_privacy_policy.txt,ai-xr-oculus,.txt,18777,18.337
dataset/ai-xr-oculus/6521909757843713_privacy_policy.txt,ai-xr-oculus,.txt,23526,22.975
dataset/ai-xr-oculus/6608899802539483_privacy_policy.txt,ai-xr-oculus,.txt,1938,1.893
dataset/ai-xr-oculus/6609453432428168_privacy_policy.txt,ai-xr-oculus,.txt,20079,19.608
dataset/ai-xr-oculus/6611447678963324_privacy_policy.txt,ai-xr-oculus,.txt,25802,25.197
dataset/ai-xr-oculus/6613144082114849_privacy_policy.txt,ai-xr-oculus,.txt,34147,33.347
dataset/ai-xr-oculus/6621849171203339_privacy_policy.txt,ai-xr-oculus,.txt,6051,5.909
dataset/ai-xr-oculus/6646371635430939_privacy_policy.txt,ai-xr-oculus,.txt,27320,26.680
dataset/ai-xr-oculus/6684435898283413_privacy_policy.txt,ai-xr-oculus,.txt,9059,8.847
dataset/ai-xr-oculus/6684805738279353_privacy_policy.txt,ai-xr-oculus,.txt,6124,5.980
dataset/ai-xr-oculus/6702854433090626_privacy_policy.txt,ai-xr-oculus,.txt,6412,6.262
dataset/ai-xr-oculus/6784615031600264_privacy_policy.txt,ai-xr-oculus,.txt,25093,24.505
dataset/ai-xr-oculus/6845832862203652_privacy_policy.txt,ai-xr-oculus,.txt,3849,3.759
dataset/ai-xr-oculus/6888594277865616_privacy_policy.txt,ai-xr-oculus,.txt,44573,43.528
dataset/ai-xr-oculus/6904307006303740_privacy_policy.txt,ai-xr-oculus,.txt,35865,35.024
dataset/ai-xr-oculus/6927340777330402_privacy_policy.txt,ai-xr-oculus,.txt,32052,31.301
dataset/ai-xr-oculus/6963344583787383_privacy_policy.txt,ai-xr-oculus,.txt,8035,7.847
dataset/ai-xr-oculus/6997166963639073_privacy_policy.txt,ai-xr-oculus,.txt,15499,15.136
dataset/ai-xr-oculus/7012156538821944_privacy_policy.txt,ai-xr-oculus,.txt,28025,27.368
dataset/ai-xr-oculus/7021123758002222_privacy_policy.txt,ai-xr-oculus,.txt,15485,15.122
dataset/ai-xr-oculus/7028027297235918_privacy_policy.txt,ai-xr-oculus,.txt,15485,15.122
dataset/ai-xr-oculus/705576999566582_privacy_policy.txt,ai-xr-oculus,.txt,48327,47.194
dataset/ai-xr-oculus/7074450812583727_privacy_policy.txt,ai-xr-oculus,.txt,9558,9.334
dataset/ai-xr-oculus/7156077941079207_privacy_policy.txt,ai-xr-oculus,.txt,2212,2.160
dataset/ai-xr-oculus/7187698601274841_privacy_policy.txt,ai-xr-oculus,.txt,320285,312.778
dataset/ai-xr-oculus/7209598115800315_privacy_policy.txt,ai-xr-oculus,.txt,5698,5.564
dataset/ai-xr-oculus/7215828825123705_privacy_policy.txt,ai-xr-oculus,.txt,36214,35.365
dataset/ai-xr-oculus/7219828628138236_privacy_policy.txt,ai-xr-oculus,.txt,14755,14.409
dataset/ai-xr-oculus/7221491444554579_privacy_policy.txt,ai-xr-oculus,.txt,5735,5.601
dataset/ai-xr-oculus/7251063891581210_privacy_policy.txt,ai-xr-oculus,.txt,2586,2.525
dataset/ai-xr-oculus/7255273587928394_privacy_policy.txt,ai-xr-oculus,.txt,12150,11.865
dataset/ai-xr-oculus/7258171640907321_privacy_policy.txt,ai-xr-oculus,.txt,2473,2.415
dataset/ai-xr-oculus/7270665009617359_privacy_policy.txt,ai-xr-oculus,.txt,28461,27.794
dataset/ai-xr-oculus/7276525889052788_privacy_policy.txt,ai-xr-oculus,.txt,18171,17.745
dataset/ai-xr-oculus/7371422382882960_privacy_policy.txt,ai-xr-oculus,.txt,7224,7.055
dataset/ai-xr-oculus/7429856123693221_privacy_policy.txt,ai-xr-oculus,.txt,14865,14.517
dataset/ai-xr-oculus/7447277238622561_privacy_policy.txt,ai-xr-oculus,.txt,40514,39.564
dataset/ai-xr-oculus/7452106424824357_privacy_policy.txt,ai-xr-oculus,.txt,48327,47.194
dataset/ai-xr-oculus/7457571521021518_privacy_policy.txt,ai-xr-oculus,.txt,32575,31.812
dataset/ai-xr-oculus/7472417306105014_privacy_policy.txt,ai-xr-oculus,.txt,12293,12.005
dataset/ai-xr-oculus/7479685118716083_privacy_policy.txt,ai-xr-oculus,.txt,15359,14.999
dataset/ai-xr-oculus/7614022262006379_privacy_policy.txt,ai-xr-oculus,.txt,27189,26.552
dataset/ai-xr-oculus/7641276975930797_privacy_policy.txt,ai-xr-oculus,.txt,3750,3.662
dataset/ai-xr-oculus/7725697200858646_privacy_policy.txt,ai-xr-oculus,.txt,32575,31.812
dataset/ai-xr-oculus/7818625474831202_privacy_policy.txt,ai-xr-oculus,.txt,5487,5.358
dataset/ai-xr-oculus/7969053893147948_privacy_policy.txt,ai-xr-oculus,.txt,4287,4.187
dataset/ai-xr-oculus/7982150971811780_privacy_policy.txt,ai-xr-oculus,.txt,4478,4.373
dataset/ai-xr-oculus/8032154120191335_privacy_policy.txt,ai-xr-oculus,.txt,41875,40.894
dataset/ai-xr-oculus/8074885222534394_privacy_policy.txt,ai-xr-oculus,.txt,12516,12.223
dataset/ai-xr-oculus/8107154439303334_privacy_policy.txt,ai-xr-oculus,.txt,32575,31.812
dataset/ai-xr-oculus/8132958546745663_privacy_policy.txt,ai-xr-oculus,.txt,16270,15.889
dataset/ai-xr-oculus/8245796978837572_privacy_policy.txt,ai-xr-oculus,.txt,32575,31.812
dataset/ai-xr-oculus/8436337189728993_privacy_policy.txt,ai-xr-oculus,.txt,12584,12.289
dataset/ai-xr-oculus/8464137310294097_privacy_policy.txt,ai-xr-oculus,.txt,11303,11.038
dataset/ai-xr-oculus/8508005729209838_privacy_policy.txt,ai-xr-oculus,.txt,5699,5.565
dataset/ai-xr-oculus/8729481907123312_privacy_policy.txt,ai-xr-oculus,.txt,5594,5.463
dataset/ai-xr-oculus/9076937272378581_privacy_policy.txt,ai-xr-oculus,.txt,6575,6.421
dataset/ai-xr-oculus/9376195145727511_privacy_policy.txt,ai-xr-oculus,.txt,15359,14.999
dataset/ai-xr-oculus/9685315748175636_privacy_policy.txt,ai-xr-oculus,.txt,12159,11.874
dataset/ai-xr-oculus/9932927890115662_privacy_policy.txt,ai-xr-oculus,.txt,55271,53.976
dataset/high_risk_pp/AR Assistant_1.9.2.txt,high_risk_pp,.txt,8501,8.302
dataset/high_risk_pp/Assist AR_15.39.157.txt,high_risk_pp,.txt,130564,127.504
dataset/high_risk_pp/Measurement App AR Ruler_1.6.txt,high_risk_pp,.txt,6855,6.694
dataset/high_risk_pp/VR CleanHands_1.8.txt,high_risk_pp,.txt,5919,5.780
dataset/high_risk_pp/VR Exercise Tracker_1.1.10.txt,high_risk_pp,.txt,28382,27.717
dataset/high_risk_pp/WorkLink_2.12.70.txt,high_risk_pp,.txt,19040,18.594
dataset/high_risk_pp/arthur.digital.txt,high_risk_pp,.txt,17617,17.204
dataset/high_risk_pp/aruvr.com.txt,high_risk_pp,.txt,25472,24.875
dataset/high_risk_pp/breachvr.com.txt,high_risk_pp,.txt,1810,1.768
dataset/high_risk_pp/campfire3d.com.txt,high_risk_pp,.txt,31871,31.124
dataset/high_risk_pp/case.edu.txt,high_risk_pp,.txt,8361,8.165
dataset/high_risk_pp/courttimetennis.com.txt,high_risk_pp,.txt,3597,3.513
dataset/high_risk_pp/eksobionics.com.txt,high_risk_pp,.txt,10023,9.788
dataset/high_risk_pp/fifthingenium.com.txt,high_risk_pp,.txt,15360,15.000
dataset/high_risk_pp/fitxr.com.txt,high_risk_pp,.txt,23420,22.871
dataset/high_risk_pp/floreovr.com.txt,high_risk_pp,.txt,31500,30.762
dataset/high_risk_pp/fundamentalsurgery.com.txt,high_risk_pp,.txt,34461,33.653
dataset/high_risk_pp/gomindspring.com.txt,high_risk_pp,.txt,2591,2.530
dataset/high_risk_pp/gravitysketch.com.txt,high_risk_pp,.txt,25315,24.722
dataset/high_risk_pp/immersed.com.txt,high_risk_pp,.txt,8191,7.999
dataset/high_risk_pp/immersivefactory.com.txt,high_risk_pp,.txt,7929,7.743
dataset/high_risk_pp/kinesixvr.com.txt,high_risk_pp,.txt,17073,16.673
dataset/high_risk_pp/liminalvr.com.txt,high_risk_pp,.txt,17375,16.968
dataset/high_risk_pp/metanautlabs.com.txt,high_risk_pp,.txt,11122,10.861
dataset/high_risk_pp/mindmaze.com.txt,high_risk_pp,.txt,22951,22.413
dataset/high_risk_pp/near-life.tech.txt,high_risk_pp,.txt,9316,9.098
dataset/high_risk_pp/neurorehabvr.com.txt,high_risk_pp,.txt,21148,20.652
dataset/high_risk_pp/odderslab.com.txt,high_risk_pp,.txt,10909,10.653
dataset/high_risk_pp/oramavr.com.txt,high_risk_pp,.txt,38464,37.562
dataset/high_risk_pp/oxfordmedicalsimulation.com.txt,high_risk_pp,.txt,26400,25.781
dataset/high_risk_pp/privacy.bighealth.com.txt,high_risk_pp,.txt,59086,57.701
dataset/high_risk_pp/pro.vrty.io.txt,high_risk_pp,.txt,17315,16.909
dataset/high_risk_pp/provenreality.com.txt,high_risk_pp,.txt,12675,12.378
dataset/high_risk_pp/quill.art.txt,high_risk_pp,.txt,3740,3.652
dataset/high_risk_pp/reakttrainer.com.txt,high_risk_pp,.txt,34562,33.752
dataset/high_risk_pp/simulanis.com.txt,high_risk_pp,.txt,6081,5.938
dataset/high_risk_pp/spaceframe.xyz.txt,high_risk_pp,.txt,16935,16.538
dataset/high_risk_pp/synthridersvr.com.txt,high_risk_pp,.txt,42370,41.377
dataset/high_risk_pp/telehealth.org.txt,high_risk_pp,.txt,10694,10.443
dataset/high_risk_pp/the.strippers.jp.txt,high_risk_pp,.txt,7602,7.424
dataset/high_risk_pp/vermillion-vr.com.txt,high_risk_pp,.txt,5267,5.144
dataset/high_risk_pp/viso.ai.txt,high_risk_pp,.txt,40566,39.615
dataset/high_risk_pp/winreality.com.txt,high_risk_pp,.txt,30066,29.361
dataset/high_risk_pp/www.3dorganon.com.txt,high_risk_pp,.txt,21750,21.240
dataset/high_risk_pp/www.accuvein.com.txt,high_risk_pp,.txt,10779,10.526
dataset/high_risk_pp/www.appliedvr.io.txt,high_risk_pp,.txt,10614,10.365
dataset/high_risk_pp/www.arkio.is.txt,high_risk_pp,.txt,20388,19.910
dataset/high_risk_pp/www.aveva.com.txt,high_risk_pp,.txt,29504,28.812
dataset/high_risk_pp/www.brillio.com.txt,high_risk_pp,.txt,4505,4.399
dataset/high_risk_pp/www.designtechsys.com.txt,high_risk_pp,.txt,2529,2.470
dataset/high_risk_pp/www.filamentgames.com.txt,high_risk_pp,.txt,15618,15.252
dataset/high_risk_pp/www.getsupernatural.com.txt,high_risk_pp,.txt,67725,66.138
dataset/high_risk_pp/www.gigxr.com.txt,high_risk_pp,.txt,29641,28.946
dataset/high_risk_pp/www.greenergames.net.txt,high_risk_pp,.txt,2304,2.250
dataset/high_risk_pp/www.htc.com.txt,high_risk_pp,.txt,27930,27.275
dataset/high_risk_pp/www.karunalabs.com.txt,high_risk_pp,.txt,14206,13.873
dataset/high_risk_pp/www.ludusglobal.com.txt,high_risk_pp,.txt,9858,9.627
dataset/high_risk_pp/www.luminousxr.com.txt,high_risk_pp,.txt,9923,9.690
dataset/high_risk_pp/www.medicalholodeck.com.txt,high_risk_pp,.txt,3189,3.114
dataset/high_risk_pp/www.medicinevirtual.com.txt,high_risk_pp,.txt,38765,37.856
dataset/high_risk_pp/www.oberontech.com.txt,high_risk_pp,.txt,2026,1.979
dataset/high_risk_pp/www.ossovr.com.txt,high_risk_pp,.txt,20246,19.771
dataset/high_risk_pp/www.palladyneai.com.txt,high_risk_pp,.txt,7134,6.967
dataset/high_risk_pp/www.pillow.social.txt,high_risk_pp,.txt,2720,2.656
dataset/high_risk_pp/www.proximie.com.txt,high_risk_pp,.txt,29647,28.952
dataset/high_risk_pp/www.pumpkinvr.com.txt,high_risk_pp,.txt,10005,9.771
dataset/high_risk_pp/www.realwear.com.txt,high_risk_pp,.txt,9564,9.340
dataset/high_risk_pp/www.rendever.com.txt,high_risk_pp,.txt,27078,26.443
dataset/high_risk_pp/www.shapesxr.com.txt,high_risk_pp,.txt,22150,21.631
dataset/high_risk_pp/www.simodontdentaltrainer.com.txt,high_risk_pp,.txt,3248,3.172
dataset/high_risk_pp/www.simxvr.com.txt,high_risk_pp,.txt,32823,32.054
dataset/high_risk_pp/www.status.pro.txt,high_risk_pp,.txt,16922,16.525
dataset/high_risk_pp/www.taangastudios.com.txt,high_risk_pp,.txt,2341,2.286
dataset/high_risk_pp/www.theclimbgame.com.txt,high_risk_pp,.txt,9737,9.509
dataset/high_risk_pp/www.tripp.com.txt,high_risk_pp,.txt,32690,31.924
dataset/high_risk_pp/www.uptale.io.txt,high_risk_pp,.txt,4607,4.499
dataset/high_risk_pp/www.virti.com.txt,high_risk_pp,.txt,20955,20.464
dataset/high_risk_pp/www.xr.health.txt,high_risk_pp,.txt,22012,21.496
dataset/high_risk_pp/www.yur.energy.txt,high_risk_pp,.txt,39804,38.871
dataset/high_risk_pp/xrgroup.com.au.txt,high_risk_pp,.txt,9583,9.358
dataset/high_risk_pp/zoeimmersive.com.txt,high_risk_pp,.txt,13439,13.124
